file,orig_lines,new_lines,orig_bytes,new_bytes,status
AI/settings.py,269,298,13000,15238,MOD
AI/UI/camera/overlay_draw.py,346,355,12810,13103,MOD
AI/UI/camera/camera_widget_video_loop.py,172,179,6342,6566,MOD
AI/UI/camera/camera_widget_init.py,277,302,11074,11977,MOD
AI/UI/camera/camera_settings_dialog.py,423,491,18215,22079,MOD
AI/UI/camera/camera_widget_autotrack.py,,96,,3443,NEW
AI/tracking/__init__.py,,4,,72,NEW
AI/tracking/box_tracker.py,,103,,3194,NEW
AI/tracking/ptz_autotrack.py,,237,,8185,NEW